-- MySQL dump 10.13  Distrib 5.7.27, for Linux (x86_64)
--
-- Host: localhost    Database: BOEING
-- ------------------------------------------------------
-- Server version	5.7.27-0ubuntu0.16.04.1

/*!40101 SET @OLD_CHARACTER_SET_CLIENT=@@CHARACTER_SET_CLIENT */;
/*!40101 SET @OLD_CHARACTER_SET_RESULTS=@@CHARACTER_SET_RESULTS */;
/*!40101 SET @OLD_COLLATION_CONNECTION=@@COLLATION_CONNECTION */;
/*!40101 SET NAMES utf8 */;
/*!40103 SET @OLD_TIME_ZONE=@@TIME_ZONE */;
/*!40103 SET TIME_ZONE='+00:00' */;
/*!40014 SET @OLD_UNIQUE_CHECKS=@@UNIQUE_CHECKS, UNIQUE_CHECKS=0 */;
/*!40014 SET @OLD_FOREIGN_KEY_CHECKS=@@FOREIGN_KEY_CHECKS, FOREIGN_KEY_CHECKS=0 */;
/*!40101 SET @OLD_SQL_MODE=@@SQL_MODE, SQL_MODE='NO_AUTO_VALUE_ON_ZERO' */;
/*!40111 SET @OLD_SQL_NOTES=@@SQL_NOTES, SQL_NOTES=0 */;

DROP DATABASE IF EXISTS `BOEING`;
CREATE SCHEMA `BOEING`;
USE `BOEING`;

--
-- Table structure for table `AUDIT_AGENCY`
--

DROP TABLE IF EXISTS `AUDIT_AGENCY`;
/*!40101 SET @saved_cs_client     = @@character_set_client */;
/*!40101 SET character_set_client = utf8 */;
CREATE TABLE `AUDIT_AGENCY` (
  `ID` int(11) NOT NULL AUTO_INCREMENT,
  `NAME` varchar(255) DEFAULT NULL,
  PRIMARY KEY (`ID`)
) ENGINE=InnoDB AUTO_INCREMENT=4 DEFAULT CHARSET=latin1;
/*!40101 SET character_set_client = @saved_cs_client */;

--
-- Dumping data for table `AUDIT_AGENCY`
--

LOCK TABLES `AUDIT_AGENCY` WRITE;
/*!40000 ALTER TABLE `AUDIT_AGENCY` DISABLE KEYS */;
INSERT INTO `AUDIT_AGENCY` VALUES (1,'FEDERAL AVIATION'),(2,'EASA'),(3,'JAA');
/*!40000 ALTER TABLE `AUDIT_AGENCY` ENABLE KEYS */;
UNLOCK TABLES;

--
-- Table structure for table `BLACKBOX`
--

DROP TABLE IF EXISTS `BLACKBOX`;
/*!40101 SET @saved_cs_client     = @@character_set_client */;
/*!40101 SET character_set_client = utf8 */;
CREATE TABLE `BLACKBOX` (
  `PART_ID` int(11) DEFAULT NULL,
  `WATER_TOLERANCE` int(11) DEFAULT NULL,
  `CAPACITY` int(11) DEFAULT NULL,
  KEY `PART_ID` (`PART_ID`),
  CONSTRAINT `BLACKBOX_ibfk_1` FOREIGN KEY (`PART_ID`) REFERENCES `PARTS` (`ID`) ON DELETE CASCADE
) ENGINE=InnoDB DEFAULT CHARSET=latin1;
/*!40101 SET character_set_client = @saved_cs_client */;

--
-- Dumping data for table `BLACKBOX`
--

LOCK TABLES `BLACKBOX` WRITE;
/*!40000 ALTER TABLE `BLACKBOX` DISABLE KEYS */;
/*!40000 ALTER TABLE `BLACKBOX` ENABLE KEYS */;
UNLOCK TABLES;

--
-- Table structure for table `CHANGED_PART`
--

DROP TABLE IF EXISTS `CHANGED_PART`;
/*!40101 SET @saved_cs_client     = @@character_set_client */;
/*!40101 SET character_set_client = utf8 */;
CREATE TABLE `CHANGED_PART` (
  `MAINTENANCE_REPORT_ID` int(11) NOT NULL,
  `PART_ID` int(11) NOT NULL,
  PRIMARY KEY (`MAINTENANCE_REPORT_ID`,`PART_ID`),
  KEY `PART_ID` (`PART_ID`),
  CONSTRAINT `CHANGED_PART_ibfk_1` FOREIGN KEY (`MAINTENANCE_REPORT_ID`) REFERENCES `MAINTENANCE_REPORTS` (`ID`) ON DELETE CASCADE,
  CONSTRAINT `CHANGED_PART_ibfk_2` FOREIGN KEY (`PART_ID`) REFERENCES `PARTS` (`ID`) ON DELETE CASCADE
) ENGINE=InnoDB DEFAULT CHARSET=latin1;
/*!40101 SET character_set_client = @saved_cs_client */;

--
-- Dumping data for table `CHANGED_PART`
--

LOCK TABLES `CHANGED_PART` WRITE;
/*!40000 ALTER TABLE `CHANGED_PART` DISABLE KEYS */;
INSERT INTO `CHANGED_PART` VALUES (3,6),(1,7);
/*!40000 ALTER TABLE `CHANGED_PART` ENABLE KEYS */;
UNLOCK TABLES;

--
-- Table structure for table `CLASSIFICATION`
--

DROP TABLE IF EXISTS `CLASSIFICATION`;
/*!40101 SET @saved_cs_client     = @@character_set_client */;
/*!40101 SET character_set_client = utf8 */;
CREATE TABLE `CLASSIFICATION` (
  `ID` int(11) NOT NULL AUTO_INCREMENT,
  `TYPE` varchar(255) DEFAULT NULL,
  PRIMARY KEY (`ID`),
  CONSTRAINT `CLASSIFICATION_ibfk_1` FOREIGN KEY (`ID`) REFERENCES `PLANE` (`ID`) ON DELETE CASCADE
) ENGINE=InnoDB AUTO_INCREMENT=6 DEFAULT CHARSET=latin1;
/*!40101 SET character_set_client = @saved_cs_client */;

--
-- Dumping data for table `CLASSIFICATION`
--

LOCK TABLES `CLASSIFICATION` WRITE;
/*!40000 ALTER TABLE `CLASSIFICATION` DISABLE KEYS */;
INSERT INTO `CLASSIFICATION` VALUES (1,'PASSENGER'),(2,'MILITARY'),(3,'MILITARY'),(4,'HELICOPTER'),(5,'CARGO');
/*!40000 ALTER TABLE `CLASSIFICATION` ENABLE KEYS */;
UNLOCK TABLES;

--
-- Table structure for table `COMPANY`
--

DROP TABLE IF EXISTS `COMPANY`;
/*!40101 SET @saved_cs_client     = @@character_set_client */;
/*!40101 SET character_set_client = utf8 */;
CREATE TABLE `COMPANY` (
  `ID` int(11) NOT NULL AUTO_INCREMENT,
  `NAME` varchar(255) DEFAULT NULL,
  PRIMARY KEY (`ID`)
) ENGINE=InnoDB AUTO_INCREMENT=9 DEFAULT CHARSET=latin1;
/*!40101 SET character_set_client = @saved_cs_client */;

--
-- Dumping data for table `COMPANY`
--

LOCK TABLES `COMPANY` WRITE;
/*!40000 ALTER TABLE `COMPANY` DISABLE KEYS */;
INSERT INTO `COMPANY` VALUES (1,'ROLLS ROYCE'),(2,'CFM'),(3,'GENERAL'),(4,'HONEYWELL'),(5,'L3 AVIATION'),(6,'DUKANE'),(7,'STARK'),(8,'HAMMER');
/*!40000 ALTER TABLE `COMPANY` ENABLE KEYS */;
UNLOCK TABLES;

--
-- Table structure for table `CRASHREPORTS`
--

DROP TABLE IF EXISTS `CRASHREPORTS`;
/*!40101 SET @saved_cs_client     = @@character_set_client */;
/*!40101 SET character_set_client = utf8 */;
CREATE TABLE `CRASHREPORTS` (
  `ID` int(11) NOT NULL AUTO_INCREMENT,
  `PLANE_MODEL_ID` int(11) DEFAULT NULL,
  `DATE_OF_PURCHASE` date DEFAULT NULL,
  `DATE_OF_INCIDENT` date DEFAULT NULL,
  `DATE_OF_LAST_MAINTENANCE_CHECK` date DEFAULT NULL,
  `REASON_FOR_CRASH` varchar(255) DEFAULT NULL,
  `INVESTIGATING_AGENCY` int(11) DEFAULT NULL,
  `CASUALITIES` int(11) DEFAULT NULL,
  PRIMARY KEY (`ID`),
  KEY `PLANE_MODEL_ID` (`PLANE_MODEL_ID`),
  KEY `INVESTIGATING_AGENCY` (`INVESTIGATING_AGENCY`),
  CONSTRAINT `CRASHREPORTS_ibfk_1` FOREIGN KEY (`PLANE_MODEL_ID`) REFERENCES `LIST_OF_PLANES` (`ID`) ON DELETE CASCADE,
  CONSTRAINT `CRASHREPORTS_ibfk_2` FOREIGN KEY (`INVESTIGATING_AGENCY`) REFERENCES `AUDIT_AGENCY` (`ID`) ON DELETE CASCADE
) ENGINE=InnoDB AUTO_INCREMENT=4 DEFAULT CHARSET=latin1;
/*!40101 SET character_set_client = @saved_cs_client */;

--
-- Dumping data for table `CRASHREPORTS`
--

LOCK TABLES `CRASHREPORTS` WRITE;
/*!40000 ALTER TABLE `CRASHREPORTS` DISABLE KEYS */;
INSERT INTO `CRASHREPORTS` VALUES (1,1,'2010-03-13','2019-01-01','2019-02-02','Engine Failure',2,0),(2,2,'2012-04-22','2008-05-06','2000-02-01','Miscalibrated Nose',3,200),(3,4,'2014-02-01','2015-12-10','2014-10-06','Cabin Pressure Error',1,150);
/*!40000 ALTER TABLE `CRASHREPORTS` ENABLE KEYS */;
UNLOCK TABLES;

--
-- Table structure for table `ENGINE`
--

DROP TABLE IF EXISTS `ENGINE`;
/*!40101 SET @saved_cs_client     = @@character_set_client */;
/*!40101 SET character_set_client = utf8 */;
CREATE TABLE `ENGINE` (
  `PART_ID` int(11) DEFAULT NULL,
  `NAME` varchar(255) DEFAULT NULL,
  `TYPE` varchar(255) DEFAULT NULL,
  `POWER` int(11) DEFAULT NULL,
  KEY `PART_ID` (`PART_ID`),
  CONSTRAINT `ENGINE_ibfk_1` FOREIGN KEY (`PART_ID`) REFERENCES `PARTS` (`ID`) ON DELETE CASCADE
) ENGINE=InnoDB DEFAULT CHARSET=latin1;
/*!40101 SET character_set_client = @saved_cs_client */;

--
-- Dumping data for table `ENGINE`
--

LOCK TABLES `ENGINE` WRITE;
/*!40000 ALTER TABLE `ENGINE` DISABLE KEYS */;
INSERT INTO `ENGINE` VALUES (1,'Trent 1000','Jet',600),(2,'Electric GenX','Jet',400),(3,'CFM56','Propeller',300);
/*!40000 ALTER TABLE `ENGINE` ENABLE KEYS */;
UNLOCK TABLES;

--
-- Table structure for table `LIST_OF_PLANES`
--

DROP TABLE IF EXISTS `LIST_OF_PLANES`;
/*!40101 SET @saved_cs_client     = @@character_set_client */;
/*!40101 SET character_set_client = utf8 */;
CREATE TABLE `LIST_OF_PLANES` (
  `ID` int(11) NOT NULL AUTO_INCREMENT,
  `PLANE_MODEL_ID` int(11) DEFAULT NULL,
  `PURCHASER_ID` int(11) DEFAULT NULL,
  `DATE_OF_PURCHASE` date DEFAULT NULL,
  `SALE_ID` int(11) DEFAULT NULL,
  `DECOMMISION_DATE` date DEFAULT NULL,
  PRIMARY KEY (`ID`),
  KEY `DATE_OF_PURCHASE` (`DATE_OF_PURCHASE`),
  KEY `PLANE_MODEL_ID` (`PLANE_MODEL_ID`),
  KEY `PURCHASER_ID` (`PURCHASER_ID`),
  KEY `SALE_ID` (`SALE_ID`),
  CONSTRAINT `LIST_OF_PLANES_ibfk_1` FOREIGN KEY (`DATE_OF_PURCHASE`) REFERENCES `PLANE_AGE` (`DATE`) ON DELETE CASCADE,
  CONSTRAINT `LIST_OF_PLANES_ibfk_2` FOREIGN KEY (`PLANE_MODEL_ID`) REFERENCES `PLANE` (`ID`) ON DELETE CASCADE,
  CONSTRAINT `LIST_OF_PLANES_ibfk_3` FOREIGN KEY (`PURCHASER_ID`) REFERENCES `PURCHASER` (`ID`) ON DELETE CASCADE,
  CONSTRAINT `LIST_OF_PLANES_ibfk_4` FOREIGN KEY (`SALE_ID`) REFERENCES `SALE` (`ID`) ON DELETE CASCADE
) ENGINE=InnoDB AUTO_INCREMENT=6 DEFAULT CHARSET=latin1;
/*!40101 SET character_set_client = @saved_cs_client */;

--
-- Dumping data for table `LIST_OF_PLANES`
--

LOCK TABLES `LIST_OF_PLANES` WRITE;
/*!40000 ALTER TABLE `LIST_OF_PLANES` DISABLE KEYS */;
INSERT INTO `LIST_OF_PLANES` VALUES (1,1,1,'2010-03-18',1,'2017-03-18'),(2,3,2,'2012-04-22',2,'2019-04-22'),(3,1,4,'2013-06-30',5,NULL),(4,1,1,'2014-01-02',6,NULL),(5,5,5,'2016-05-09',7,NULL);
/*!40000 ALTER TABLE `LIST_OF_PLANES` ENABLE KEYS */;
UNLOCK TABLES;

--
-- Table structure for table `MAINTENANCE_REPORTS`
--

DROP TABLE IF EXISTS `MAINTENANCE_REPORTS`;
/*!40101 SET @saved_cs_client     = @@character_set_client */;
/*!40101 SET character_set_client = utf8 */;
CREATE TABLE `MAINTENANCE_REPORTS` (
  `ID` int(11) NOT NULL AUTO_INCREMENT,
  `AUDITOR_ID` int(11) DEFAULT NULL,
  `PLANE_MODEL_ID` int(11) DEFAULT NULL,
  `MAINTENANCE_DATA` date DEFAULT NULL,
  `COST` int(11) DEFAULT NULL,
  PRIMARY KEY (`ID`),
  KEY `AUDITOR_ID` (`AUDITOR_ID`),
  KEY `PLANE_MODEL_ID` (`PLANE_MODEL_ID`),
  CONSTRAINT `MAINTENANCE_REPORTS_ibfk_1` FOREIGN KEY (`AUDITOR_ID`) REFERENCES `AUDIT_AGENCY` (`ID`) ON DELETE CASCADE,
  CONSTRAINT `MAINTENANCE_REPORTS_ibfk_2` FOREIGN KEY (`PLANE_MODEL_ID`) REFERENCES `LIST_OF_PLANES` (`ID`) ON DELETE CASCADE
) ENGINE=InnoDB AUTO_INCREMENT=4 DEFAULT CHARSET=latin1;
/*!40101 SET character_set_client = @saved_cs_client */;

--
-- Dumping data for table `MAINTENANCE_REPORTS`
--

LOCK TABLES `MAINTENANCE_REPORTS` WRITE;
/*!40000 ALTER TABLE `MAINTENANCE_REPORTS` DISABLE KEYS */;
INSERT INTO `MAINTENANCE_REPORTS` VALUES (1,1,5,'2019-02-02',5000),(2,3,4,'2019-03-03',6000),(3,1,3,'2019-04-04',4000);
/*!40000 ALTER TABLE `MAINTENANCE_REPORTS` ENABLE KEYS */;
UNLOCK TABLES;

--
-- Table structure for table `PARTS`
--

DROP TABLE IF EXISTS `PARTS`;
/*!40101 SET @saved_cs_client     = @@character_set_client */;
/*!40101 SET character_set_client = utf8 */;
CREATE TABLE `PARTS` (
  `ID` int(11) NOT NULL AUTO_INCREMENT,
  `MANUFACTURER_ID` int(11) DEFAULT NULL,
  `COST` int(11) DEFAULT NULL,
  PRIMARY KEY (`ID`),
  KEY `MANUFACTURER_ID` (`MANUFACTURER_ID`),
  CONSTRAINT `PARTS_ibfk_1` FOREIGN KEY (`MANUFACTURER_ID`) REFERENCES `COMPANY` (`ID`) ON DELETE CASCADE
) ENGINE=InnoDB AUTO_INCREMENT=10 DEFAULT CHARSET=latin1;
/*!40101 SET character_set_client = @saved_cs_client */;

--
-- Dumping data for table `PARTS`
--

LOCK TABLES `PARTS` WRITE;
/*!40000 ALTER TABLE `PARTS` DISABLE KEYS */;
INSERT INTO `PARTS` VALUES (1,1,100000),(2,3,15000),(3,2,20000),(4,6,30000),(5,4,40000),(6,5,200000),(7,8,4000),(8,7,5000),(9,7,10000);
/*!40000 ALTER TABLE `PARTS` ENABLE KEYS */;
UNLOCK TABLES;

--
-- Table structure for table `PART_FAILURE_CRASH`
--

DROP TABLE IF EXISTS `PART_FAILURE_CRASH`;
/*!40101 SET @saved_cs_client     = @@character_set_client */;
/*!40101 SET character_set_client = utf8 */;
CREATE TABLE `PART_FAILURE_CRASH` (
  `CRASHREPORT_ID` int(11) NOT NULL,
  `PART_ID` int(11) NOT NULL,
  PRIMARY KEY (`CRASHREPORT_ID`,`PART_ID`),
  KEY `PART_ID` (`PART_ID`),
  CONSTRAINT `PART_FAILURE_CRASH_ibfk_1` FOREIGN KEY (`CRASHREPORT_ID`) REFERENCES `CRASHREPORTS` (`ID`) ON DELETE CASCADE,
  CONSTRAINT `PART_FAILURE_CRASH_ibfk_2` FOREIGN KEY (`PART_ID`) REFERENCES `PARTS` (`ID`) ON DELETE CASCADE
) ENGINE=InnoDB DEFAULT CHARSET=latin1;
/*!40101 SET character_set_client = @saved_cs_client */;

--
-- Dumping data for table `PART_FAILURE_CRASH`
--

LOCK TABLES `PART_FAILURE_CRASH` WRITE;
/*!40000 ALTER TABLE `PART_FAILURE_CRASH` DISABLE KEYS */;
INSERT INTO `PART_FAILURE_CRASH` VALUES (1,1),(3,1),(2,2);
/*!40000 ALTER TABLE `PART_FAILURE_CRASH` ENABLE KEYS */;
UNLOCK TABLES;

--
-- Table structure for table `PLANE`
--

DROP TABLE IF EXISTS `PLANE`;
/*!40101 SET @saved_cs_client     = @@character_set_client */;
/*!40101 SET character_set_client = utf8 */;
CREATE TABLE `PLANE` (
  `ID` int(11) NOT NULL AUTO_INCREMENT,
  `NAME` varchar(255) DEFAULT NULL,
  `REFERENCE_CODE` varchar(255) NOT NULL,
  `DATE_OF_RELEASE` date DEFAULT NULL,
  `WINGSPAN_DIMENSIONS` int(11) DEFAULT NULL,
  `NOSE_TAIL_DIMENSIONS` int(11) DEFAULT NULL,
  `SAFE_RUNWAY_LENGTH` int(11) DEFAULT NULL,
  `CAPACITY` int(11) DEFAULT NULL,
  PRIMARY KEY (`ID`,`REFERENCE_CODE`),
  KEY `DATE_OF_RELEASE` (`DATE_OF_RELEASE`),
  CONSTRAINT `PLANE_ibfk_1` FOREIGN KEY (`DATE_OF_RELEASE`) REFERENCES `PLANE_AGE` (`DATE`) ON DELETE CASCADE
) ENGINE=InnoDB AUTO_INCREMENT=6 DEFAULT CHARSET=latin1;
/*!40101 SET character_set_client = @saved_cs_client */;

--
-- Dumping data for table `PLANE`
--

LOCK TABLES `PLANE` WRITE;
/*!40000 ALTER TABLE `PLANE` DISABLE KEYS */;
INSERT INTO `PLANE` VALUES (1,'Boeing 737','BG6388','1968-10-02',28,29,2040,215),(2,'Boeing F/A-18E','HG3773','1995-11-29',13,29,1560,2),(3,'Boeing T-7 Red Hawk','FF8844','2016-12-20',10,29,1780,1),(4,'Boeing AH-64 Apache','DI9873','1975-09-30',NULL,29,NULL,20),(5,'Boeing KC-46 Pegasus','CV5647','2015-09-25',48,29,2490,NULL);
/*!40000 ALTER TABLE `PLANE` ENABLE KEYS */;
UNLOCK TABLES;

--
-- Table structure for table `PLANE_AGE`
--

DROP TABLE IF EXISTS `PLANE_AGE`;
/*!40101 SET @saved_cs_client     = @@character_set_client */;
/*!40101 SET character_set_client = utf8 */;
CREATE TABLE `PLANE_AGE` (
  `DATE` date NOT NULL,
  `AGE` int(11) DEFAULT NULL,
  PRIMARY KEY (`DATE`)
) ENGINE=InnoDB DEFAULT CHARSET=latin1;
/*!40101 SET character_set_client = @saved_cs_client */;

--
-- Dumping data for table `PLANE_AGE`
--

LOCK TABLES `PLANE_AGE` WRITE;
/*!40000 ALTER TABLE `PLANE_AGE` DISABLE KEYS */;
INSERT INTO `PLANE_AGE` VALUES ('1968-10-02',51),('1975-09-30',44),('1995-11-29',23),('2010-03-18',9),('2012-04-22',7),('2013-06-30',6),('2014-01-02',5),('2015-09-25',4),('2016-05-09',3),('2016-12-20',2);
/*!40000 ALTER TABLE `PLANE_AGE` ENABLE KEYS */;
UNLOCK TABLES;

--
-- Table structure for table `PURCHASER`
--

DROP TABLE IF EXISTS `PURCHASER`;
/*!40101 SET @saved_cs_client     = @@character_set_client */;
/*!40101 SET character_set_client = utf8 */;
CREATE TABLE `PURCHASER` (
  `ID` int(11) NOT NULL AUTO_INCREMENT,
  `NAME` varchar(255) DEFAULT NULL,
  PRIMARY KEY (`ID`)
) ENGINE=InnoDB AUTO_INCREMENT=6 DEFAULT CHARSET=latin1;
/*!40101 SET character_set_client = @saved_cs_client */;

--
-- Dumping data for table `PURCHASER`
--

LOCK TABLES `PURCHASER` WRITE;
/*!40000 ALTER TABLE `PURCHASER` DISABLE KEYS */;
INSERT INTO `PURCHASER` VALUES (1,'AMERICAN AIRLINES'),(2,'LUFTHANSA'),(3,'USA DEFENCE'),(4,'EMIRATES'),(5,'FEDEX');
/*!40000 ALTER TABLE `PURCHASER` ENABLE KEYS */;
UNLOCK TABLES;

--
-- Table structure for table `SALE`
--

DROP TABLE IF EXISTS `SALE`;
/*!40101 SET @saved_cs_client     = @@character_set_client */;
/*!40101 SET character_set_client = utf8 */;
CREATE TABLE `SALE` (
  `ID` int(11) NOT NULL AUTO_INCREMENT,
  `PLANE_MODEL_ID` int(11) DEFAULT NULL,
  `COMPANY_ID` int(11) DEFAULT NULL,
  `COST` int(11) DEFAULT NULL,
  `QUANTITY` int(11) DEFAULT NULL,
  `PROGRESS` int(11) DEFAULT NULL,
  PRIMARY KEY (`ID`),
  KEY `PLANE_MODEL_ID` (`PLANE_MODEL_ID`),
  KEY `COMPANY_ID` (`COMPANY_ID`),
  CONSTRAINT `SALE_ibfk_1` FOREIGN KEY (`PLANE_MODEL_ID`) REFERENCES `PLANE` (`ID`) ON DELETE CASCADE,
  CONSTRAINT `SALE_ibfk_2` FOREIGN KEY (`COMPANY_ID`) REFERENCES `PURCHASER` (`ID`) ON DELETE CASCADE
) ENGINE=InnoDB AUTO_INCREMENT=8 DEFAULT CHARSET=latin1;
/*!40101 SET character_set_client = @saved_cs_client */;

--
-- Dumping data for table `SALE`
--

LOCK TABLES `SALE` WRITE;
/*!40000 ALTER TABLE `SALE` DISABLE KEYS */;
INSERT INTO `SALE` VALUES (1,1,1,NULL,15,15),(2,4,2,NULL,30,20),(3,3,2,NULL,15,15),(4,1,3,NULL,20,10),(5,1,4,NULL,10,8),(6,1,1,NULL,25,20),(7,5,5,NULL,30,25);
/*!40000 ALTER TABLE `SALE` ENABLE KEYS */;
UNLOCK TABLES;

--
-- Table structure for table `SOFTWARE`
--

DROP TABLE IF EXISTS `SOFTWARE`;
/*!40101 SET @saved_cs_client     = @@character_set_client */;
/*!40101 SET character_set_client = utf8 */;
CREATE TABLE `SOFTWARE` (
  `PART_ID` int(11) DEFAULT NULL,
  `NAME` varchar(255) DEFAULT NULL,
  KEY `PART_ID` (`PART_ID`),
  CONSTRAINT `SOFTWARE_ibfk_1` FOREIGN KEY (`PART_ID`) REFERENCES `PARTS` (`ID`) ON DELETE CASCADE
) ENGINE=InnoDB DEFAULT CHARSET=latin1;
/*!40101 SET character_set_client = @saved_cs_client */;

--
-- Dumping data for table `SOFTWARE`
--

LOCK TABLES `SOFTWARE` WRITE;
/*!40000 ALTER TABLE `SOFTWARE` DISABLE KEYS */;
INSERT INTO `SOFTWARE` VALUES (7,'Jarvis'),(8,'Friday'),(9,'Karen');
/*!40000 ALTER TABLE `SOFTWARE` ENABLE KEYS */;
UNLOCK TABLES;
/*!40103 SET TIME_ZONE=@OLD_TIME_ZONE */;

/*!40101 SET SQL_MODE=@OLD_SQL_MODE */;
/*!40014 SET FOREIGN_KEY_CHECKS=@OLD_FOREIGN_KEY_CHECKS */;
/*!40014 SET UNIQUE_CHECKS=@OLD_UNIQUE_CHECKS */;
/*!40101 SET CHARACTER_SET_CLIENT=@OLD_CHARACTER_SET_CLIENT */;
/*!40101 SET CHARACTER_SET_RESULTS=@OLD_CHARACTER_SET_RESULTS */;
/*!40101 SET COLLATION_CONNECTION=@OLD_COLLATION_CONNECTION */;
/*!40111 SET SQL_NOTES=@OLD_SQL_NOTES */;

-- Dump completed on 2019-11-11 12:30:11
